mahmoud,okilt,klymmd,hes@gmail.com,1,0000
mido,imam,kll,em@gmail.com,2,0000
test,test,test,test@test.com,3,test
test,test,test,test,4,test
test,test,test,tes,5,tes
1,1,1,1,6,1
21,12,121,21,7,21
e,e,e,e,8,e
midoo,imamm],kkk,te@te.com,9,1234
,1,1,1,10,1
test,tes,tes,tes,11,tes
21,12,1,1,12,1
1,1,1,1,13,1
32,21,3123,123,14,213
weq,weqe,qwe,wqe,15,qwe
21,21,21,12,16,2
21,21,12,12,17,21
12123,3213,3213,321,18,1212
wqed,dsad,as,das,19,dsa
Mahmoud,okily,klymmd93h21z336h,heshamalamam73@gmail.com,20,0000
m,m,m,m,21,m
etst,test,test,etst,22,etst
213,231,213,213,23,321
mahmoud,hassan,klymmd93h21z336h,heshamalamam73@gmail.com,24,0000
mido,imam ,klymmd93h21z336h,heshamalamam73@gmail.com,25,0000
